CREATE DATABASE  IF NOT EXISTS `population2` /*!40100 DEFAULT CHARACTER SET utf8mb4 COLLATE utf8mb4_0900_ai_ci */ /*!80016 DEFAULT ENCRYPTION='N' */;
USE `population2`;
-- MySQL dump 10.13  Distrib 8.0.22, for Win64 (x86_64)
--
-- Host: localhost    Database: population
-- ------------------------------------------------------
-- Server version	8.0.22

/*!40101 SET @OLD_CHARACTER_SET_CLIENT=@@CHARACTER_SET_CLIENT */;
/*!40101 SET @OLD_CHARACTER_SET_RESULTS=@@CHARACTER_SET_RESULTS */;
/*!40101 SET @OLD_COLLATION_CONNECTION=@@COLLATION_CONNECTION */;
/*!50503 SET NAMES utf8 */;
/*!40103 SET @OLD_TIME_ZONE=@@TIME_ZONE */;
/*!40103 SET TIME_ZONE='+00:00' */;
/*!40014 SET @OLD_UNIQUE_CHECKS=@@UNIQUE_CHECKS, UNIQUE_CHECKS=0 */;
/*!40014 SET @OLD_FOREIGN_KEY_CHECKS=@@FOREIGN_KEY_CHECKS, FOREIGN_KEY_CHECKS=0 */;
/*!40101 SET @OLD_SQL_MODE=@@SQL_MODE, SQL_MODE='NO_AUTO_VALUE_ON_ZERO' */;
/*!40111 SET @OLD_SQL_NOTES=@@SQL_NOTES, SQL_NOTES=0 */;

--
-- Table structure for table `city`
--

DROP TABLE IF EXISTS `city`;
/*!40101 SET @saved_cs_client     = @@character_set_client */;
/*!50503 SET character_set_client = utf8mb4 */;
CREATE TABLE `city` (
  `city_id` int NOT NULL AUTO_INCREMENT,
  `city_name` varchar(100) CHARACTER SET utf8 COLLATE utf8_general_ci NOT NULL,
  `city_founded` int DEFAULT NULL,
  `city_region_id` int DEFAULT NULL,
  `city_county_id` int DEFAULT NULL,
  PRIMARY KEY (`city_id`),
  KEY `FK_city_county_cc_id_idx` (`city_county_id`),
  KEY `FK_city_region_cr_id_idx` (`city_region_id`),
  CONSTRAINT `FK_city_county_cc_id` FOREIGN KEY (`city_county_id`) REFERENCES `county` (`county_id`),
  CONSTRAINT `FK_city_region_cr_id` FOREIGN KEY (`city_region_id`) REFERENCES `region` (`region_id`)
) ENGINE=InnoDB AUTO_INCREMENT=82 DEFAULT CHARSET=utf8mb4 COLLATE=utf8mb4_0900_ai_ci;
/*!40101 SET character_set_client = @saved_cs_client */;

--
-- Dumping data for table `city`
--

LOCK TABLES `city` WRITE;
/*!40000 ALTER TABLE `city` DISABLE KEYS */;
INSERT INTO `city` VALUES (6,'Rīga',NULL,1,NULL),(7,'Daugavpils',NULL,6,NULL),(8,'Jelgava',NULL,5,NULL),(9,'Jēkabpils',NULL,5,NULL),(10,'Jūrmala',NULL,2,NULL),(11,'Liepāja',NULL,4,NULL),(12,'Rēzekne',NULL,6,NULL),(13,'Valmiera',NULL,3,NULL),(14,'Ventspils',NULL,4,NULL),(15,'Aizkraukle',NULL,NULL,2),(16,'Aizpute',NULL,NULL,3),(17,'Aknīste',NULL,NULL,4),(18,'Aloja',NULL,NULL,5),(19,'Staicele',NULL,NULL,5),(20,'Alūksne',NULL,NULL,7),(21,'Ape',NULL,NULL,9),(22,'Auce',NULL,NULL,10),(23,'Baldone',NULL,NULL,13),(24,'Balvi',NULL,NULL,15),(25,'Bauska',NULL,NULL,16),(26,'Brocēni',NULL,NULL,18),(27,'Cesvaine',NULL,NULL,21),(28,'Cēsis',NULL,NULL,22),(29,'Dagda',NULL,NULL,24),(30,'Dobele',NULL,NULL,26),(31,'Durbe',NULL,NULL,28),(32,'Grobiņa',NULL,NULL,32),(33,'Gulbene',NULL,NULL,33),(34,'Ikšķile',NULL,NULL,35),(35,'Ilūkste',NULL,NULL,36),(36,'Subate',NULL,NULL,36),(37,'Vangaži',NULL,NULL,37),(38,'Jaunjelgava',NULL,NULL,38),(39,'Kandava',NULL,NULL,43),(40,'Kārsava',NULL,NULL,44),(41,'Krāslava',NULL,NULL,47),(42,'Kuldīga',NULL,NULL,50),(43,'Ķegums',NULL,NULL,51),(44,'Baloži',NULL,NULL,52),(45,'Lielvārde',NULL,NULL,53),(46,'Limbaži',NULL,NULL,54),(47,'Līgatne',NULL,NULL,55),(48,'Līvāni',NULL,NULL,56),(49,'Lubāna',NULL,NULL,57),(50,'Ludza',NULL,NULL,58),(51,'Madona',NULL,NULL,59),(52,'Mazsalaca',NULL,NULL,60),(53,'Ogre',NULL,NULL,67),(54,'Olaine',NULL,NULL,68),(55,'Pāvilosta',NULL,NULL,71),(56,'Pļaviņas',NULL,NULL,72),(57,'Preiļi',NULL,NULL,73),(58,'Priekule',NULL,NULL,74),(59,'Rūjiena',NULL,NULL,84),(60,'Ainaži',NULL,NULL,85),(61,'Salacgrīva',NULL,NULL,85),(62,'Salaspils',NULL,NULL,87),(63,'Saldus',NULL,NULL,88),(64,'Saulkrasti',NULL,NULL,89),(65,'Sigulda',NULL,NULL,91),(66,'Skrunda',NULL,NULL,93),(67,'Smiltene',NULL,NULL,94),(68,'Seda',NULL,NULL,96),(69,'Strenči',NULL,NULL,96),(70,'Sabile',NULL,NULL,97),(71,'Stende',NULL,NULL,97),(72,'Talsi',NULL,NULL,97),(73,'Valdemārpils',NULL,NULL,97),(74,'Tukums',NULL,NULL,99),(75,'Valka',NULL,NULL,101),(76,'Varakļāni',NULL,NULL,102),(77,'Piltene',NULL,NULL,106),(78,'Viesīte',NULL,NULL,107),(79,'Viļaka',NULL,NULL,108),(80,'Viļāni',NULL,NULL,109),(81,'Zilupe',NULL,NULL,110);
/*!40000 ALTER TABLE `city` ENABLE KEYS */;
UNLOCK TABLES;

--
-- Table structure for table `county`
--

DROP TABLE IF EXISTS `county`;
/*!40101 SET @saved_cs_client     = @@character_set_client */;
/*!50503 SET character_set_client = utf8mb4 */;
CREATE TABLE `county` (
  `county_id` int NOT NULL AUTO_INCREMENT,
  `county_name` varchar(100) CHARACTER SET utf8 COLLATE utf8_general_ci NOT NULL,
  `county_region_id` int NOT NULL,
  PRIMARY KEY (`county_id`),
  KEY `FK_county_region_cr_id_idx` (`county_region_id`),
  CONSTRAINT `FK_county_region_cr_id` FOREIGN KEY (`county_region_id`) REFERENCES `region` (`region_id`)
) ENGINE=InnoDB AUTO_INCREMENT=121 DEFAULT CHARSET=utf8mb4 COLLATE=utf8mb4_0900_ai_ci;
/*!40101 SET character_set_client = @saved_cs_client */;

--
-- Dumping data for table `county`
--

LOCK TABLES `county` WRITE;
/*!40000 ALTER TABLE `county` DISABLE KEYS */;
INSERT INTO `county` VALUES (1,'Aglonas novads',6),(2,'Aizkraukles novads',5),(3,'Aizputes novads',4),(4,'Aknīstes novads',5),(5,'Alojas novads',2),(6,'Alsungas novads',4),(7,'Alūksnes novads',3),(8,'Amatas novads',3),(9,'Apes novads',3),(10,'Auces novads',5),(11,'Ādažu novads',2),(12,'Babītes novads',2),(13,'Baldones novads',2),(14,'Baltinavas novads',6),(15,'Balvu novads',6),(16,'Bauskas novads',5),(17,'Beverīnas novads',3),(18,'Brocēnu novads',4),(19,'Burtnieku novads',3),(20,'Carnikavas novads',2),(21,'Cesvaines novads',3),(22,'Cēsu novads',3),(23,'Ciblas novads',6),(24,'Dagdas novads',6),(25,'Daugavpils novads',6),(26,'Dobeles novads',5),(27,'Dundagas novads',4),(28,'Durbes novads',4),(29,'Engures novads',2),(30,'Ērgļu novads',3),(31,'Garkalnes novads',2),(32,'Grobiņas novads',4),(33,'Gulbenes novads',3),(34,'Iecavas novads',5),(35,'Ikšķiles novads',2),(36,'Ilūkstes novads',6),(37,'Inčukalna novads',2),(38,'Jaunjelgavas novads',5),(39,'Jaunpiebalgas novads',3),(40,'Jaunpils novads',2),(41,'Jelgavas novads',5),(42,'Jēkabpils novads',5),(43,'Kandavas novads',2),(44,'Kārsavas novads',6),(45,'Kocēnu novads',3),(46,'Kokneses novads',5),(47,'Krāslavas novads',6),(48,'Krimuldas novads',2),(49,'Krustpils novads',5),(50,'Kuldīgas novads',4),(51,'Ķeguma novads',2),(52,'Ķekavas novads',2),(53,'Lielvārdes novads',2),(54,'Limbažu novads',2),(55,'Līgatnes novads',3),(56,'Līvānu novads',6),(57,'Lubānas novads',3),(58,'Ludzas novads',6),(59,'Madonas novads',3),(60,'Mazsalacas novads',3),(61,'Mālpils novads',2),(62,'Mārupes novads',2),(63,'Mērsraga novads',4),(64,'Naukšēnu novads',3),(65,'Neretas novads',5),(66,'Nīcas novads',4),(67,'Ogres novads',2),(68,'Olaines novads',2),(69,'Ozolnieku novads',5),(70,'Pārgaujas novads',3),(71,'Pāvilostas novads',4),(72,'Pļaviņu novads',5),(73,'Preiļu novads',6),(74,'Priekules novads',4),(75,'Priekuļu novads',3),(76,'Raunas novads',3),(77,'Rēzeknes novads',6),(78,'Riebiņu novads',6),(79,'Rojas novads',4),(80,'Ropažu novads',2),(81,'Rucavas novads',4),(82,'Rugāju novads',6),(83,'Rundāles novads',5),(84,'Rūjienas novads',3),(85,'Salacgrīvas novads',2),(86,'Salas novads',5),(87,'Salaspils novads',2),(88,'Saldus novads',4),(89,'Saulkrastu novads',2),(90,'Sējas novads',2),(91,'Siguldas novads',2),(92,'Skrīveru novads',5),(93,'Skrundas novads',4),(94,'Smiltenes novads',3),(95,'Stopiņu novads',2),(96,'Strenču novads',3),(97,'Talsu novads',4),(98,'Tērvetes novads',5),(99,'Tukuma novads',2),(100,'Vaiņodes novads',4),(101,'Valkas novads',3),(102,'Varakļānu novads',3),(103,'Vārkavas novads',6),(104,'Vecpiebalgas novads',3),(105,'Vecumnieku novads',5),(106,'Ventspils novads',4),(107,'Viesītes novads',5),(108,'Viļakas novads',6),(109,'Viļānu novads',6),(110,'Zilupes novads',6);
/*!40000 ALTER TABLE `county` ENABLE KEYS */;
UNLOCK TABLES;

--
-- Table structure for table `popul`
--

DROP TABLE IF EXISTS `popul`;
/*!40101 SET @saved_cs_client     = @@character_set_client */;
/*!50503 SET character_set_client = utf8mb4 */;
CREATE TABLE `popul` (
  `pop_id` int NOT NULL AUTO_INCREMENT,
  `pop_year` int NOT NULL,
  `pop_number` int NOT NULL DEFAULT '0',
  `pop_city_id` int NOT NULL,
  PRIMARY KEY (`pop_id`),
  KEY `FK_popul_city_pc_id_idx` (`pop_city_id`),
  CONSTRAINT `FK_popul_city_pc_id` FOREIGN KEY (`pop_city_id`) REFERENCES `city` (`city_id`)
) ENGINE=InnoDB AUTO_INCREMENT=2571 DEFAULT CHARSET=utf8mb4 COLLATE=utf8mb4_0900_ai_ci;
/*!40101 SET character_set_client = @saved_cs_client */;

--
-- Dumping data for table `popul`
--

LOCK TABLES `popul` WRITE;
/*!40000 ALTER TABLE `popul` DISABLE KEYS */;
INSERT INTO `popul` VALUES (63,1980,835985,6),(64,1981,842327,6),(65,1982,849531,6),(66,1983,858016,6),(67,1984,865966,6),(68,1985,873532,6),(69,1986,880121,6),(70,1987,889730,6),(71,1988,902043,6),(72,1989,910455,6),(73,1990,909135,6),(74,1991,900455,6),(75,1992,889741,6),(76,1993,863657,6),(77,1994,843552,6),(78,1995,824988,6),(79,1996,810172,6),(80,1997,797947,6),(81,1998,786612,6),(82,1999,776008,6),(83,2000,766381,6),(84,2001,753006,6),(85,2002,738596,6),(86,2003,729218,6),(87,2004,721640,6),(88,2005,712262,6),(89,2006,706617,6),(90,2007,702561,6),(91,2008,697272,6),(92,2009,687443,6),(93,2010,673433,6),(94,2011,659418,6),(95,2012,649853,6),(96,2013,643615,6),(97,2014,643368,6),(98,2015,641007,6),(99,2016,639630,6),(100,2017,641423,6),(101,2018,637971,6),(102,2019,632614,6),(103,2020,627487,6),(104,1980,116500,7),(105,1981,117475,7),(106,1982,118357,7),(107,1983,119066,7),(108,1984,119955,7),(109,1985,120414,7),(110,1986,121575,7),(111,1987,122462,7),(112,1988,123665,7),(113,1989,124910,7),(114,1990,126575,7),(115,1991,127482,7),(116,1992,127619,7),(117,1993,125392,7),(118,1994,122629,7),(119,1995,120897,7),(120,1996,119349,7),(121,1997,118385,7),(122,1998,117480,7),(123,1999,116460,7),(124,2000,115574,7),(125,2001,114607,7),(126,2002,113101,7),(127,2003,111837,7),(128,2004,109718,7),(129,2005,107269,7),(130,2006,105352,7),(131,2007,103307,7),(132,2008,101705,7),(133,2009,98662,7),(134,2010,95962,7),(135,2011,93588,7),(136,2012,90879,7),(137,2013,89184,7),(138,2014,87403,7),(139,2015,86435,7),(140,2016,85858,7),(141,2017,84592,7),(142,2018,83250,7),(143,2019,82604,7),(144,2020,82046,7),(145,1980,68145,8),(146,1981,68467,8),(147,1982,69109,8),(148,1983,69574,8),(149,1984,69886,8),(150,1985,69946,8),(151,1986,70365,8),(152,1987,71630,8),(153,1988,72812,8),(154,1989,74105,8),(155,1990,73455,8),(156,1991,72202,8),(157,1992,71399,8),(158,1993,68715,8),(159,1994,67026,8),(160,1995,66231,8),(161,1996,65511,8),(162,1997,65113,8),(163,1998,64716,8),(164,1999,64188,8),(165,2000,63743,8),(166,2001,64084,8),(167,2002,64165,8),(168,2003,63985,8),(169,2004,63958,8),(170,2005,63684,8),(171,2006,63357,8),(172,2007,63219,8),(173,2008,62822,8),(174,2009,62404,8),(175,2010,60923,8),(176,2011,59640,8),(177,2012,58332,8),(178,2013,57773,8),(179,2014,57332,8),(180,2015,57180,8),(181,2016,57053,8),(182,2017,56743,8),(183,2018,56383,8),(184,2019,55972,8),(185,2020,56062,8),(186,1980,26478,9),(187,1981,26751,9),(188,1982,26875,9),(189,1983,27267,9),(190,1984,27819,9),(191,1985,28206,9),(192,1986,28967,9),(193,1987,29588,9),(194,1988,30136,9),(195,1989,30865,9),(196,1990,30726,9),(197,1991,31252,9),(198,1992,31182,9),(199,1993,30085,9),(200,1994,29015,9),(201,1995,28693,9),(202,1996,28600,9),(203,1997,28329,9),(204,1998,28273,9),(205,1999,28104,9),(206,2000,27911,9),(207,2001,27826,9),(208,2002,27519,9),(209,2003,27276,9),(210,2004,26932,9),(211,2005,26703,9),(212,2006,26501,9),(213,2007,26358,9),(214,2008,26132,9),(215,2009,25743,9),(216,2010,25233,9),(217,2011,24672,9),(218,2012,24182,9),(219,2013,23834,9),(220,2014,23269,9),(221,2015,23019,9),(222,2016,22750,9),(223,2017,22412,9),(224,2018,22188,9),(225,2019,22076,9),(226,2020,21928,9),(227,1980,54056,10),(228,1981,54512,10),(229,1982,54979,10),(230,1983,55330,10),(231,1984,55952,10),(232,1985,56398,10),(233,1986,57362,10),(234,1987,58656,10),(235,1988,59894,10),(236,1989,60600,10),(237,1990,60620,10),(238,1991,60416,10),(239,1992,59977,10),(240,1993,58767,10),(241,1994,57941,10),(242,1995,57285,10),(243,1996,56765,10),(244,1997,56469,10),(245,1998,56183,10),(246,1999,55794,10),(247,2000,55673,10),(248,2001,55239,10),(249,2002,54454,10),(250,2003,53903,10),(251,2004,53884,10),(252,2005,53446,10),(253,2006,53085,10),(254,2007,52809,10),(255,2008,52800,10),(256,2009,52522,10),(257,2010,51749,10),(258,2011,50952,10),(259,2012,50196,10),(260,2013,50481,10),(261,2014,49750,10),(262,2015,49646,10),(263,2016,49182,10),(264,2017,48606,10),(265,2018,49073,10),(266,2019,49325,10),(267,2020,49687,10),(268,1980,108262,11),(269,1981,108514,11),(270,1982,108666,11),(271,1983,108991,11),(272,1984,109747,11),(273,1985,110606,11),(274,1986,111247,11),(275,1987,112064,11),(276,1988,113321,11),(277,1989,114486,11),(278,1990,114337,11),(279,1991,113826,11),(280,1992,112154,11),(281,1993,105558,11),(282,1994,101352,11),(283,1995,96294,11),(284,1996,94165,11),(285,1997,92687,11),(286,1998,91444,11),(287,1999,90416,11),(288,2000,89641,11),(289,2001,87859,11),(290,2002,86372,11),(291,2003,85544,11),(292,2004,84569,11),(293,2005,83762,11),(294,2006,83041,11),(295,2007,82421,11),(296,2008,81748,11),(297,2009,80678,11),(298,2010,78913,11),(299,2011,76910,11),(300,2012,74812,11),(301,2013,73469,11),(302,2014,71926,11),(303,2015,71125,11),(304,2016,70630,11),(305,2017,69443,11),(306,2018,69180,11),(307,2019,68945,11),(308,2020,68535,11),(309,1980,36577,12),(310,1981,37005,12),(311,1982,37605,12),(312,1983,38427,12),(313,1984,39282,12),(314,1985,39712,12),(315,1986,40271,12),(316,1987,41113,12),(317,1988,41703,12),(318,1989,42477,12),(319,1990,42832,12),(320,1991,43032,12),(321,1992,42894,12),(322,1993,42339,12),(323,1994,42017,12),(324,1995,41711,12),(325,1996,41289,12),(326,1997,40975,12),(327,1998,40522,12),(328,1999,39948,12),(329,2000,39430,12),(330,2001,38691,12),(331,2002,38109,12),(332,2003,37752,12),(333,2004,37161,12),(334,2005,36458,12),(335,2006,35975,12),(336,2007,35570,12),(337,2008,35126,12),(338,2009,34444,12),(339,2010,33456,12),(340,2011,32422,12),(341,2012,31378,12),(342,2013,30756,12),(343,2014,29948,12),(344,2015,29317,12),(345,2016,28692,12),(346,2017,28174,12),(347,2018,28156,12),(348,2019,27820,12),(349,2020,27613,12),(350,1980,25479,13),(351,1981,25900,13),(352,1982,26221,13),(353,1983,26506,13),(354,1984,26889,13),(355,1985,27488,13),(356,1986,27942,13),(357,1987,28260,13),(358,1988,28549,13),(359,1989,29190,13),(360,1990,29476,13),(361,1991,29601,13),(362,1992,29633,13),(363,1993,29379,13),(364,1994,29114,13),(365,1995,29069,13),(366,1996,29050,13),(367,1997,28943,13),(368,1998,28982,13),(369,1999,28761,13),(370,2000,27799,13),(371,2001,27506,13),(372,2002,27377,13),(373,2003,27331,13),(374,2004,27318,13),(375,2005,27092,13),(376,2006,26921,13),(377,2007,26717,13),(378,2008,26564,13),(379,2009,26397,13),(380,2010,25888,13),(381,2011,25226,13),(382,2012,24656,13),(383,2013,24228,13),(384,2014,23657,13),(385,2015,23432,13),(386,2016,23248,13),(387,2017,22961,13),(388,2018,23063,13),(389,2019,23125,13),(390,2020,23050,13),(391,1980,48243,14),(392,1981,48607,14),(393,1982,48872,14),(394,1983,49399,14),(395,1984,49598,14),(396,1985,49768,14),(397,1986,49962,14),(398,1987,50143,14),(399,1988,50512,14),(400,1989,50646,14),(401,1990,50235,14),(402,1991,49968,14),(403,1992,49556,14),(404,1993,47492,14),(405,1994,45822,14),(406,1995,45147,14),(407,1996,44703,14),(408,1997,44426,14),(409,1998,44352,14),(410,1999,44134,14),(411,2000,43951,14),(412,2001,43595,14),(413,2002,43449,14),(414,2003,43255,14),(415,2004,43040,14),(416,2005,42562,14),(417,2006,42265,14),(418,2007,41826,14),(419,2008,41319,14),(420,2009,40676,14),(421,2010,39881,14),(422,2011,38824,14),(423,2012,38000,14),(424,2013,37336,14),(425,2014,36677,14),(426,2015,36274,14),(427,2016,35903,14),(428,2017,35362,14),(429,2018,34855,14),(430,2019,34377,14),(431,2020,33906,14),(432,1989,10100,15),(433,1990,10110,15),(434,1991,10364,15),(435,1992,10531,15),(436,1993,10263,15),(437,1994,10079,15),(438,1995,9973,15),(439,1996,9931,15),(440,1997,9912,15),(441,1998,9874,15),(442,1999,9637,15),(443,2000,9123,15),(444,2001,8940,15),(445,2002,8808,15),(446,2003,8739,15),(447,2004,8661,15),(448,2005,8596,15),(449,2006,8467,15),(450,2007,8421,15),(451,2008,8414,15),(452,2009,8274,15),(453,2010,8109,15),(454,2011,7856,15),(455,2012,7640,15),(456,2013,7487,15),(457,2014,7426,15),(458,2015,7315,15),(459,2016,7241,15),(460,2017,7132,15),(461,2018,7098,15),(462,2019,7010,15),(463,2020,7018,15),(464,1989,6199,16),(465,1990,6197,16),(466,1991,6153,16),(467,1992,6124,16),(468,1993,6046,16),(469,1994,5980,16),(470,1995,5932,16),(471,1996,5890,16),(472,1997,5848,16),(473,1998,5804,16),(474,1999,5711,16),(475,2000,5823,16),(476,2001,5738,16),(477,2002,5628,16),(478,2003,5520,16),(479,2004,5416,16),(480,2005,5319,16),(481,2006,5228,16),(482,2007,5127,16),(483,2008,5053,16),(484,2009,4932,16),(485,2010,4773,16),(486,2011,4561,16),(487,2012,4520,16),(488,2013,4492,16),(489,2014,4458,16),(490,2015,4389,16),(491,2016,4287,16),(492,2017,4237,16),(493,2018,4155,16),(494,2019,4073,16),(495,2020,4038,16),(496,1989,1488,17),(497,1990,1463,17),(498,1991,1503,17),(499,1992,1513,17),(500,1993,1501,17),(501,1994,1474,17),(502,1995,1473,17),(503,1996,1451,17),(504,1997,1443,17),(505,1998,1452,17),(506,1999,1455,17),(507,2000,1352,17),(508,2001,1342,17),(509,2002,1306,17),(510,2003,1276,17),(511,2004,1247,17),(512,2005,1220,17),(513,2006,1194,17),(514,2007,1172,17),(515,2008,1167,17),(516,2009,1162,17),(517,2010,1152,17),(518,2011,1143,17),(519,2012,1123,17),(520,2013,1106,17),(521,2014,1087,17),(522,2015,1074,17),(523,2016,1061,17),(524,2017,1036,17),(525,2018,1031,17),(526,2019,1019,17),(527,2020,1006,17),(528,1989,1565,18),(529,1990,1558,18),(530,1991,1575,18),(531,1992,1564,18),(532,1993,1551,18),(533,1994,1532,18),(534,1995,1531,18),(535,1996,1529,18),(536,1997,1513,18),(537,1998,1487,18),(538,1999,1434,18),(539,2000,1500,18),(540,2001,1473,18),(541,2002,1441,18),(542,2003,1407,18),(543,2004,1390,18),(544,2005,1379,18),(545,2006,1366,18),(546,2007,1347,18),(547,2008,1327,18),(548,2009,1298,18),(549,2010,1272,18),(550,2011,1238,18),(551,2012,1236,18),(552,2013,1219,18),(553,2014,1187,18),(554,2015,1174,18),(555,2016,1153,18),(556,2017,1120,18),(557,2018,1122,18),(558,2019,1110,18),(559,2020,1091,18),(560,1989,1380,19),(561,1990,1373,19),(562,1991,1370,19),(563,1992,1399,19),(564,1993,1436,19),(565,1994,1417,19),(566,1995,1433,19),(567,1996,1432,19),(568,1997,1414,19),(569,1998,1412,19),(570,1999,1407,19),(571,2000,1281,19),(572,2001,1257,19),(573,2002,1227,19),(574,2003,1195,19),(575,2004,1177,19),(576,2005,1167,19),(577,2006,1154,19),(578,2007,1134,19),(579,2008,1113,19),(580,2009,1088,19),(581,2010,1063,19),(582,2011,1032,19),(583,2012,1009,19),(584,2013,986,19),(585,2014,981,19),(586,2015,953,19),(587,2016,915,19),(588,2017,899,19),(589,2018,877,19),(590,2019,854,19),(591,2020,832,19),(592,1989,10913,20),(593,1990,10716,20),(594,1991,10880,20),(595,1992,10852,20),(596,1993,10377,20),(597,1994,10297,20),(598,1995,10137,20),(599,1996,9986,20),(600,1997,9846,20),(601,1998,9772,20),(602,1999,9602,20),(603,2000,9509,20),(604,2001,9419,20),(605,2002,9331,20),(606,2003,9248,20),(607,2004,9146,20),(608,2005,9027,20),(609,2006,8876,20),(610,2007,8720,20),(611,2008,8632,20),(612,2009,8506,20),(613,2010,8283,20),(614,2011,8082,20),(615,2012,7808,20),(616,2013,7612,20),(617,2014,7426,20),(618,2015,7295,20),(619,2016,7182,20),(620,2017,6930,20),(621,2018,6784,20),(622,2019,6692,20),(623,2020,6555,20),(624,1989,1637,21),(625,1990,1589,21),(626,1991,1624,21),(627,1992,1589,21),(628,1993,1610,21),(629,1994,1564,21),(630,1995,1534,21),(631,1996,1526,21),(632,1997,1558,21),(633,1998,1564,21),(634,1999,1581,21),(635,2000,1381,21),(636,2001,1340,21),(637,2002,1284,21),(638,2003,1237,21),(639,2004,1196,21),(640,2005,1161,21),(641,2006,1128,21),(642,2007,1094,21),(643,2008,1077,21),(644,2009,1053,21),(645,2010,1018,21),(646,2011,984,21),(647,2012,969,21),(648,2013,954,21),(649,2014,943,21),(650,2015,927,21),(651,2016,901,21),(652,2017,876,21),(653,2018,850,21),(654,2019,842,21),(655,2020,837,21),(656,1989,3347,22),(657,1990,3256,22),(658,1991,3295,22),(659,1992,3316,22),(660,1993,3359,22),(661,1994,3386,22),(662,1995,3393,22),(663,1996,3412,22),(664,1997,3408,22),(665,1998,3465,22),(666,1999,3481,22),(667,2000,3212,22),(668,2001,3183,22),(669,2002,3150,22),(670,2003,3110,22),(671,2004,3106,22),(672,2005,3054,22),(673,2006,3014,22),(674,2007,2955,22),(675,2008,2941,22),(676,2009,2880,22),(677,2010,2759,22),(678,2011,2641,22),(679,2012,2569,22),(680,2013,2534,22),(681,2014,2461,22),(682,2015,2418,22),(683,2016,2358,22),(684,2017,2343,22),(685,2018,2333,22),(686,2019,2304,22),(687,2020,2244,22),(688,1989,2058,23),(689,1990,2027,23),(690,1991,1957,23),(691,1992,1939,23),(692,1993,1927,23),(693,1994,1913,23),(694,1995,1917,23),(695,1996,1932,23),(696,1997,1973,23),(697,1998,2024,23),(698,1999,2076,23),(699,2000,2078,23),(700,2001,2091,23),(701,2002,2100,23),(702,2003,2100,23),(703,2004,2110,23),(704,2005,2131,23),(705,2006,2154,23),(706,2007,2184,23),(707,2008,2219,23),(708,2009,2255,23),(709,2010,2277,23),(710,2011,2315,23),(711,2012,2322,23),(712,2013,2294,23),(713,2014,2288,23),(714,2015,2305,23),(715,2016,2290,23),(716,2017,3766,23),(717,2018,3801,23),(718,2019,3788,23),(719,2020,3682,23),(720,1989,9340,24),(721,1990,9734,24),(722,1991,9557,24),(723,1992,9655,24),(724,1993,9630,24),(725,1994,9616,24),(726,1995,9545,24),(727,1996,9508,24),(728,1997,9422,24),(729,1998,9305,24),(730,1999,9075,24),(731,2000,8693,24),(732,2001,8563,24),(733,2002,8444,24),(734,2003,8340,24),(735,2004,8219,24),(736,2005,8083,24),(737,2006,7958,24),(738,2007,7841,24),(739,2008,7750,24),(740,2009,7609,24),(741,2010,7454,24),(742,2011,7197,24),(743,2012,7011,24),(744,2013,6854,24),(745,2014,6753,24),(746,2015,6659,24),(747,2016,6470,24),(748,2017,6334,24),(749,2018,6135,24),(750,2019,6073,24),(751,2020,5943,24),(752,1989,11684,25),(753,1990,11814,25),(754,1991,11893,25),(755,1992,11862,25),(756,1993,11803,25),(757,1994,11633,25),(758,1995,11452,25),(759,1996,11256,25),(760,1997,11141,25),(761,1998,10985,25),(762,1999,10640,25),(763,2000,10872,25),(764,2001,10794,25),(765,2002,10652,25),(766,2003,10608,25),(767,2004,10506,25),(768,2005,10395,25),(769,2006,10299,25),(770,2007,10218,25),(771,2008,10144,25),(772,2009,10025,25),(773,2010,9786,25),(774,2011,9538,25),(775,2012,9398,25),(776,2013,9286,25),(777,2014,9200,25),(778,2015,9061,25),(779,2016,8868,25),(780,2017,8700,25),(781,2018,8515,25),(782,2019,8405,25),(783,2020,8246,25),(784,1989,3724,26),(785,1990,3577,26),(786,1991,3680,26),(787,1992,3683,26),(788,1993,3541,26),(789,1994,3457,26),(790,1995,3329,26),(791,1996,3268,26),(792,1997,3195,26),(793,1998,3173,26),(794,1999,3167,26),(795,2000,3609,26),(796,2001,3544,26),(797,2002,3488,26),(798,2003,3449,26),(799,2004,3438,26),(800,2005,3387,26),(801,2006,3359,26),(802,2007,3349,26),(803,2008,3321,26),(804,2009,3274,26),(805,2010,3200,26),(806,2011,3114,26),(807,2012,3006,26),(808,2013,2947,26),(809,2014,2892,26),(810,2015,2881,26),(811,2016,2838,26),(812,2017,2779,26),(813,2018,2840,26),(814,2019,2862,26),(815,2020,2839,26),(816,1989,1970,27),(817,1990,2005,27),(818,1991,1978,27),(819,1992,2034,27),(820,1993,2042,27),(821,1994,2034,27),(822,1995,2004,27),(823,1996,1957,27),(824,1997,1916,27),(825,1998,1897,27),(826,1999,1829,27),(827,2000,1880,27),(828,2001,1845,27),(829,2002,1809,27),(830,2003,1784,27),(831,2004,1755,27),(832,2005,1733,27),(833,2006,1701,27),(834,2007,1674,27),(835,2008,1666,27),(836,2009,1635,27),(837,2010,1610,27),(838,2011,1579,27),(839,2012,1555,27),(840,2013,1548,27),(841,2014,1502,27),(842,2015,1477,27),(843,2016,1441,27),(844,2017,1410,27),(845,2018,1382,27),(846,2019,1313,27),(847,2020,1255,27),(848,1989,21123,28),(849,1990,20932,28),(850,1991,21184,28),(851,1992,21058,28),(852,1993,20580,28),(853,1994,20209,28),(854,1995,19963,28),(855,1996,19749,28),(856,1997,19563,28),(857,1998,19354,28),(858,1999,18883,28),(859,2000,18775,28),(860,2001,18701,28),(861,2002,18612,28),(862,2003,18535,28),(863,2004,18446,28),(864,2005,18340,28),(865,2006,18211,28),(866,2007,18081,28),(867,2008,17929,28),(868,2009,17735,28),(869,2010,17326,28),(870,2011,16714,28),(871,2012,16384,28),(872,2013,16093,28),(873,2014,15828,28),(874,2015,15666,28),(875,2016,15466,28),(876,2017,15293,28),(877,2018,15137,28),(878,2019,15034,28),(879,2020,14960,28),(880,1989,3325,29),(881,1990,3303,29),(882,1991,3278,29),(883,1992,3323,29),(884,1993,3278,29),(885,1994,3288,29),(886,1995,3265,29),(887,1996,3250,29),(888,1997,3276,29),(889,1998,3243,29),(890,1999,3194,29),(891,2000,2814,29),(892,2001,2771,29),(893,2002,2723,29),(894,2003,2687,29),(895,2004,2652,29),(896,2005,2624,29),(897,2006,2566,29),(898,2007,2513,29),(899,2008,2491,29),(900,2009,2467,29),(901,2010,2432,29),(902,2011,2387,29),(903,2012,2350,29),(904,2013,2278,29),(905,2014,2203,29),(906,2015,2165,29),(907,2016,2140,29),(908,2017,2122,29),(909,2018,2065,29),(910,2019,2031,29),(911,2020,1967,29),(912,1989,15023,30),(913,1990,14908,30),(914,1991,15398,30),(915,1992,15289,30),(916,1993,14129,30),(917,1994,13854,30),(918,1995,12946,30),(919,1996,12775,30),(920,1997,12668,30),(921,1998,12534,30),(922,1999,12272,30),(923,2000,11609,30),(924,2001,11561,30),(925,2002,11446,30),(926,2003,11384,30),(927,2004,11274,30),(928,2005,11151,30),(929,2006,11068,30),(930,2007,10987,30),(931,2008,10983,30),(932,2009,10899,30),(933,2010,10630,30),(934,2011,10333,30),(935,2012,10168,30),(936,2013,10023,30),(937,2014,9880,30),(938,2015,9710,30),(939,2016,9486,30),(940,2017,9272,30),(941,2018,9119,30),(942,2019,8995,30),(943,2020,8856,30),(944,1989,384,31),(945,1990,369,31),(946,1991,397,31),(947,1992,367,31),(948,1993,422,31),(949,1994,425,31),(950,1995,422,31),(951,1996,415,31),(952,1997,441,31),(953,1998,445,31),(954,1999,448,31),(955,2000,464,31),(956,2001,473,31),(957,2002,448,31),(958,2003,451,31),(959,2004,454,31),(960,2005,458,31),(961,2006,470,31),(962,2007,480,31),(963,2008,509,31),(964,2009,533,31),(965,2010,554,31),(966,2011,556,31),(967,2012,554,31),(968,2013,543,31),(969,2014,527,31),(970,2015,526,31),(971,2016,520,31),(972,2017,508,31),(973,2018,503,31),(974,2019,500,31),(975,2020,492,31),(976,1989,4583,32),(977,1990,4631,32),(978,1991,4587,32),(979,1992,4567,32),(980,1993,4469,32),(981,1994,4460,32),(982,1995,4485,32),(983,1996,4436,32),(984,1997,4448,32),(985,1998,4451,32),(986,1999,4402,32),(987,2000,4318,32),(988,2001,4281,32),(989,2002,4231,32),(990,2003,4199,32),(991,2004,4175,32),(992,2005,4132,32),(993,2006,4110,32),(994,2007,4082,32),(995,2008,4080,32),(996,2009,4057,32),(997,2010,4003,32),(998,2011,3922,32),(999,2012,3876,32),(1000,2013,3865,32),(1001,2014,3816,32),(1002,2015,3769,32),(1003,2016,3708,32),(1004,2017,3631,32),(1005,2018,3597,32),(1006,2019,3554,32),(1007,2020,3531,32),(1008,1989,10346,33),(1009,1990,10131,33),(1010,1991,10334,33),(1011,1992,10290,33),(1012,1993,10028,33),(1013,1994,9991,33),(1014,1995,9868,33),(1015,1996,9760,33),(1016,1997,9626,33),(1017,1998,9568,33),(1018,1999,9428,33),(1019,2000,9623,33),(1020,2001,9534,33),(1021,2002,9430,33),(1022,2003,9374,33),(1023,2004,9275,33),(1024,2005,9174,33),(1025,2006,9064,33),(1026,2007,8970,33),(1027,2008,8881,33),(1028,2009,8745,33),(1029,2010,8515,33),(1030,2011,8346,33),(1031,2012,8190,33),(1032,2013,8095,33),(1033,2014,7965,33),(1034,2015,7843,33),(1035,2016,7666,33),(1036,2017,7507,33),(1037,2018,7388,33),(1038,2019,7304,33),(1039,2020,7199,33),(1040,1989,3445,34),(1041,1990,3492,34),(1042,1991,3535,34),(1043,1992,3551,34),(1044,1993,3576,34),(1045,1994,3632,34),(1046,1995,3668,34),(1047,1996,3734,34),(1048,1997,3764,34),(1049,1998,3805,34),(1050,1999,3799,34),(1051,2000,3853,34),(1052,2001,3841,34),(1053,2002,3790,34),(1054,2003,3779,34),(1055,2004,3785,34),(1056,2005,3773,34),(1057,2006,3777,34),(1058,2007,3802,34),(1059,2008,3833,34),(1060,2009,3858,34),(1061,2010,3845,34),(1062,2011,3806,34),(1063,2012,3812,34),(1064,2013,3790,34),(1065,2014,6381,34),(1066,2015,6508,34),(1067,2016,6532,34),(1068,2017,6859,34),(1069,2018,7068,34),(1070,2019,7156,34),(1071,2020,7270,34),(1072,1989,3275,35),(1073,1990,3285,35),(1074,1991,3213,35),(1075,1992,3196,35),(1076,1993,3186,35),(1077,1994,3125,35),(1078,1995,3149,35),(1079,1996,3152,35),(1080,1997,3127,35),(1081,1998,3100,35),(1082,1999,2930,35),(1083,2000,3102,35),(1084,2001,3051,35),(1085,2002,2980,35),(1086,2003,2934,35),(1087,2004,2897,35),(1088,2005,2850,35),(1089,2006,2802,35),(1090,2007,2764,35),(1091,2008,2727,35),(1092,2009,2678,35),(1093,2010,2639,35),(1094,2011,2563,35),(1095,2012,2538,35),(1096,2013,2537,35),(1097,2014,2458,35),(1098,2015,2459,35),(1099,2016,2381,35),(1100,2017,2365,35),(1101,2018,2287,35),(1102,2019,2253,35),(1103,2020,2216,35),(1104,1989,1041,36),(1105,1990,1025,36),(1106,1991,1028,36),(1107,1992,1029,36),(1108,1993,1051,36),(1109,1994,1029,36),(1110,1995,1026,36),(1111,1996,1012,36),(1112,1997,997,36),(1113,1998,989,36),(1114,1999,929,36),(1115,2000,819,36),(1116,2001,804,36),(1117,2002,784,36),(1118,2003,769,36),(1119,2004,758,36),(1120,2005,745,36),(1121,2006,731,36),(1122,2007,719,36),(1123,2008,709,36),(1124,2009,693,36),(1125,2010,681,36),(1126,2011,664,36),(1127,2012,662,36),(1128,2013,659,36),(1129,2014,660,36),(1130,2015,660,36),(1131,2016,644,36),(1132,2017,639,36),(1133,2018,635,36),(1134,2019,606,36),(1135,2020,596,36),(1136,1989,4366,37),(1137,1990,4265,37),(1138,1991,4329,37),(1139,1992,4315,37),(1140,1993,4055,37),(1141,1994,3995,37),(1142,1995,3988,37),(1143,1996,4005,37),(1144,1997,3985,37),(1145,1998,3989,37),(1146,1999,4011,37),(1147,2000,4126,37),(1148,2001,4098,37),(1149,2002,4009,37),(1150,2003,3995,37),(1151,2004,3941,37),(1152,2005,3913,37),(1153,2006,3831,37),(1154,2007,3803,37),(1155,2008,3776,37),(1156,2009,3741,37),(1157,2010,3677,37),(1158,2011,3580,37),(1159,2012,3538,37),(1160,2013,3480,37),(1161,2014,3451,37),(1162,2015,3453,37),(1163,2016,3392,37),(1164,2017,3321,37),(1165,2018,3279,37),(1166,2019,3251,37),(1167,2020,3254,37),(1168,1989,2417,38),(1169,1990,2329,38),(1170,1991,2348,38),(1171,1992,2287,38),(1172,1993,2265,38),(1173,1994,2246,38),(1174,1995,2202,38),(1175,1996,2148,38),(1176,1997,2075,38),(1177,1998,2027,38),(1178,1999,1960,38),(1179,2000,2339,38),(1180,2001,2286,38),(1181,2002,2253,38),(1182,2003,2251,38),(1183,2004,2230,38),(1184,2005,2198,38),(1185,2006,2177,38),(1186,2007,2157,38),(1187,2008,2140,38),(1188,2009,2116,38),(1189,2010,2077,38),(1190,2011,2048,38),(1191,2012,1995,38),(1192,2013,1997,38),(1193,2014,1998,38),(1194,2015,1973,38),(1195,2016,1946,38),(1196,2017,1890,38),(1197,2018,1843,38),(1198,2019,1805,38),(1199,2020,1762,38),(1200,1989,4631,39),(1201,1990,4353,39),(1202,1991,4365,39),(1203,1992,4302,39),(1204,1993,4130,39),(1205,1994,4045,39),(1206,1995,3983,39),(1207,1996,4021,39),(1208,1997,3971,39),(1209,1998,3915,39),(1210,1999,3886,39),(1211,2000,3701,39),(1212,2001,3708,39),(1213,2002,3737,39),(1214,2003,3802,39),(1215,2004,3835,39),(1216,2005,3889,39),(1217,2006,3898,39),(1218,2007,3930,39),(1219,2008,3985,39),(1220,2009,3971,39),(1221,2010,3928,39),(1222,2011,3874,39),(1223,2012,3849,39),(1224,2013,3870,39),(1225,2014,3826,39),(1226,2015,3769,39),(1227,2016,3722,39),(1228,2017,3651,39),(1229,2018,3548,39),(1230,2019,3487,39),(1231,2020,3456,39),(1232,1989,3110,40),(1233,1990,2978,40),(1234,1991,2920,40),(1235,1992,2859,40),(1236,1993,2807,40),(1237,1994,2765,40),(1238,1995,2718,40),(1239,1996,2691,40),(1240,1997,2669,40),(1241,1998,2656,40),(1242,1999,2629,40),(1243,2000,2726,40),(1244,2001,2688,40),(1245,2002,2606,40),(1246,2003,2594,40),(1247,2004,2543,40),(1248,2005,2498,40),(1249,2006,2447,40),(1250,2007,2419,40),(1251,2008,2398,40),(1252,2009,2345,40),(1253,2010,2293,40),(1254,2011,2236,40),(1255,2012,2204,40),(1256,2013,2142,40),(1257,2014,2108,40),(1258,2015,2081,40),(1259,2016,2032,40),(1260,2017,2003,40),(1261,2018,1962,40),(1262,2019,1935,40),(1263,2020,1931,40),(1264,1989,12434,41),(1265,1990,12818,41),(1266,1991,12711,41),(1267,1992,12760,41),(1268,1993,12435,41),(1269,1994,12349,41),(1270,1995,12207,41),(1271,1996,12077,41),(1272,1997,12090,41),(1273,1998,11965,41),(1274,1999,11849,41),(1275,2000,11414,41),(1276,2001,11195,41),(1277,2002,11032,41),(1278,2003,10923,41),(1279,2004,10739,41),(1280,2005,10556,41),(1281,2006,10391,41),(1282,2007,10169,41),(1283,2008,9977,41),(1284,2009,9694,41),(1285,2010,9395,41),(1286,2011,9125,41),(1287,2012,8835,41),(1288,2013,8644,41),(1289,2014,8489,41),(1290,2015,8300,41),(1291,2016,8173,41),(1292,2017,7978,41),(1293,2018,7796,41),(1294,2019,7633,41),(1295,2020,7468,41),(1296,1989,14225,42),(1297,1990,14238,42),(1298,1991,14394,42),(1299,1992,14400,42),(1300,1993,14288,42),(1301,1994,14196,42),(1302,1995,13994,42),(1303,1996,13730,42),(1304,1997,13639,42),(1305,1998,13442,42),(1306,1999,13202,42),(1307,2000,13742,42),(1308,2001,13556,42),(1309,2002,13365,42),(1310,2003,13206,42),(1311,2004,13065,42),(1312,2005,12917,42),(1313,2006,12730,42),(1314,2007,12559,42),(1315,2008,12458,42),(1316,2009,12286,42),(1317,2010,12067,42),(1318,2011,11785,42),(1319,2012,11618,42),(1320,2013,11492,42),(1321,2014,11392,42),(1322,2015,11206,42),(1323,2016,11019,42),(1324,2017,10753,42),(1325,2018,10623,42),(1326,2019,10497,42),(1327,2020,10352,42),(1328,1989,2148,43),(1329,1990,2137,43),(1330,1991,2155,43),(1331,1992,2255,43),(1332,1993,2270,43),(1333,1994,2284,43),(1334,1995,2313,43),(1335,1996,2316,43),(1336,1997,2384,43),(1337,1998,2425,43),(1338,1999,2469,43),(1339,2000,2546,43),(1340,2001,2532,43),(1341,2002,2481,43),(1342,2003,2462,43),(1343,2004,2445,43),(1344,2005,2414,43),(1345,2006,2421,43),(1346,2007,2404,43),(1347,2008,2407,43),(1348,2009,2369,43),(1349,2010,2357,43),(1350,2011,2282,43),(1351,2012,2245,43),(1352,2013,2245,43),(1353,2014,2235,43),(1354,2015,2229,43),(1355,2016,2193,43),(1356,2017,2159,43),(1357,2018,2125,43),(1358,2019,2104,43),(1359,2020,2086,43),(1360,1989,4050,44),(1361,1990,3996,44),(1362,1991,4189,44),(1363,1992,4221,44),(1364,1993,4169,44),(1365,1994,4272,44),(1366,1995,4279,44),(1367,1996,4271,44),(1368,1997,4256,44),(1369,1998,4246,44),(1370,1999,4218,44),(1371,2000,3977,44),(1372,2001,4139,44),(1373,2002,4242,44),(1374,2003,4410,44),(1375,2004,4588,44),(1376,2005,4751,44),(1377,2006,4925,44),(1378,2007,5151,44),(1379,2008,5441,44),(1380,2009,5644,44),(1381,2010,5828,44),(1382,2011,6010,44),(1383,2012,6063,44),(1384,2013,6185,44),(1385,2014,6145,44),(1386,2015,6246,44),(1387,2016,6299,44),(1388,2017,6240,44),(1389,2018,6397,44),(1390,2019,6642,44),(1391,2020,6829,44),(1392,1989,5915,45),(1393,1990,5990,45),(1394,1991,5996,45),(1395,1992,6203,45),(1396,1993,5911,45),(1397,1994,5292,45),(1398,1995,4838,45),(1399,1996,4717,45),(1400,1997,4958,45),(1401,1998,4940,45),(1402,1999,4937,45),(1403,2000,5183,45),(1404,2001,5293,45),(1405,2002,5405,45),(1406,2003,5535,45),(1407,2004,5629,45),(1408,2005,5728,45),(1409,2006,5826,45),(1410,2007,5939,45),(1411,2008,6070,45),(1412,2009,6153,45),(1413,2010,6227,45),(1414,2011,6257,45),(1415,2012,6174,45),(1416,2013,6160,45),(1417,2014,6147,45),(1418,2015,6089,45),(1419,2016,6090,45),(1420,2017,5973,45),(1421,2018,5983,45),(1422,2019,5934,45),(1423,2020,5961,45),(1424,1989,9985,46),(1425,1990,9876,46),(1426,1991,9909,46),(1427,1992,9911,46),(1428,1993,9748,46),(1429,1994,9674,46),(1430,1995,9625,46),(1431,1996,9549,46),(1432,1997,9488,46),(1433,1998,9440,46),(1434,1999,9303,46),(1435,2000,9225,46),(1436,2001,9112,46),(1437,2002,8998,46),(1438,2003,8937,46),(1439,2004,8839,46),(1440,2005,8715,46),(1441,2006,8608,46),(1442,2007,8506,46),(1443,2008,8403,46),(1444,2009,8259,46),(1445,2010,8061,46),(1446,2011,7810,46),(1447,2012,7721,46),(1448,2013,7634,46),(1449,2014,7537,46),(1450,2015,7515,46),(1451,2016,7349,46),(1452,2017,7221,46),(1453,2018,7111,46),(1454,2019,6997,46),(1455,2020,6957,46),(1456,1989,1767,47),(1457,1990,1735,47),(1458,1991,1721,47),(1459,1992,1661,47),(1460,1993,1582,47),(1461,1994,1533,47),(1462,1995,1456,47),(1463,1996,1394,47),(1464,1997,1398,47),(1465,1998,1357,47),(1466,1999,1303,47),(1467,2000,1494,47),(1468,2001,1457,47),(1469,2002,1429,47),(1470,2003,1400,47),(1471,2004,1373,47),(1472,2005,1343,47),(1473,2006,1318,47),(1474,2007,1279,47),(1475,2008,1259,47),(1476,2009,1227,47),(1477,2010,1192,47),(1478,2011,1148,47),(1479,2012,1134,47),(1480,2013,1117,47),(1481,2014,1095,47),(1482,2015,1068,47),(1483,2016,1058,47),(1484,2017,1015,47),(1485,2018,994,47),(1486,2019,1008,47),(1487,2020,1002,47),(1488,1989,12263,48),(1489,1990,12280,48),(1490,1991,12252,48),(1491,1992,12180,48),(1492,1993,11742,48),(1493,1994,11503,48),(1494,1995,11437,48),(1495,1996,11284,48),(1496,1997,11189,48),(1497,1998,11074,48),(1498,1999,10835,48),(1499,2000,10379,48),(1500,2001,10120,48),(1501,2002,9904,48),(1502,2003,9788,48),(1503,2004,9632,48),(1504,2005,9430,48),(1505,2006,9260,48),(1506,2007,9074,48),(1507,2008,9024,48),(1508,2009,8676,48),(1509,2010,8421,48),(1510,2011,8112,48),(1511,2012,7844,48),(1512,2013,7698,48),(1513,2014,7581,48),(1514,2015,7470,48),(1515,2016,7500,48),(1516,2017,7343,48),(1517,2018,7291,48),(1518,2019,7203,48),(1519,2020,7148,48),(1520,1989,2114,49),(1521,1990,2139,49),(1522,1991,2161,49),(1523,1992,2155,49),(1524,1993,2167,49),(1525,1994,2188,49),(1526,1995,2196,49),(1527,1996,2176,49),(1528,1997,2144,49),(1529,1998,2121,49),(1530,1999,2080,49),(1531,2000,1988,49),(1532,2001,1964,49),(1533,2002,1921,49),(1534,2003,1905,49),(1535,2004,1884,49),(1536,2005,1852,49),(1537,2006,1833,49),(1538,2007,1814,49),(1539,2008,1791,49),(1540,2009,1773,49),(1541,2010,1749,49),(1542,2011,1699,49),(1543,2012,1695,49),(1544,2013,1684,49),(1545,2014,1691,49),(1546,2015,1674,49),(1547,2016,1634,49),(1548,2017,1596,49),(1549,2018,1561,49),(1550,2019,1554,49),(1551,2020,1516,49),(1552,1989,11853,50),(1553,1990,11534,50),(1554,1991,11552,50),(1555,1992,11513,50),(1556,1993,11287,50),(1557,1994,11220,50),(1558,1995,11119,50),(1559,1996,10942,50),(1560,1997,10750,50),(1561,1998,10605,50),(1562,1999,10421,50),(1563,2000,10857,50),(1564,2001,10685,50),(1565,2002,10527,50),(1566,2003,10371,50),(1567,2004,10243,50),(1568,2005,10085,50),(1569,2006,9893,50),(1570,2007,9717,50),(1571,2008,9559,50),(1572,2009,9389,50),(1573,2010,9215,50),(1574,2011,8947,50),(1575,2012,8764,50),(1576,2013,8545,50),(1577,2014,8440,50),(1578,2015,8349,50),(1579,2016,8199,50),(1580,2017,8071,50),(1581,2018,7894,50),(1582,2019,7777,50),(1583,2020,7667,50),(1584,1989,9975,51),(1585,1990,10092,51),(1586,1991,10207,51),(1587,1992,10201,51),(1588,1993,10154,51),(1589,1994,9996,51),(1590,1995,9884,51),(1591,1996,9777,51),(1592,1997,9658,51),(1593,1998,9545,51),(1594,1999,9284,51),(1595,2000,9576,51),(1596,2001,9454,51),(1597,2002,9327,51),(1598,2003,9244,51),(1599,2004,9163,51),(1600,2005,9035,51),(1601,2006,8913,51),(1602,2007,8785,51),(1603,2008,8650,51),(1604,2009,8492,51),(1605,2010,8242,51),(1606,2011,8016,51),(1607,2012,7968,51),(1608,2013,7830,51),(1609,2014,7635,51),(1610,2015,7511,51),(1611,2016,7408,51),(1612,2017,7206,51),(1613,2018,7106,51),(1614,2019,7015,51),(1615,2020,6893,51),(1616,1989,2105,52),(1617,1990,2131,52),(1618,1991,2115,52),(1619,1992,2105,52),(1620,1993,2091,52),(1621,1994,2069,52),(1622,1995,2043,52),(1623,1996,2058,52),(1624,1997,2017,52),(1625,1998,1992,52),(1626,1999,1977,52),(1627,2000,1766,52),(1628,2001,1712,52),(1629,2002,1668,52),(1630,2003,1621,52),(1631,2004,1574,52),(1632,2005,1526,52),(1633,2006,1486,52),(1634,2007,1440,52),(1635,2008,1416,52),(1636,2009,1378,52),(1637,2010,1340,52),(1638,2011,1304,52),(1639,2012,1295,52),(1640,2013,1246,52),(1641,2014,1237,52),(1642,2015,1215,52),(1643,2016,1187,52),(1644,2017,1133,52),(1645,2018,1132,52),(1646,2019,1099,52),(1647,2020,1078,52),(1648,1989,29656,53),(1649,1990,29335,53),(1650,1991,29254,53),(1651,1992,29091,53),(1652,1993,28634,53),(1653,1994,28233,53),(1654,1995,28013,53),(1655,1996,27924,53),(1656,1997,27617,53),(1657,1998,27499,53),(1658,1999,27360,53),(1659,2000,26200,53),(1660,2001,26095,53),(1661,2002,25956,53),(1662,2003,25953,53),(1663,2004,25875,53),(1664,2005,25736,53),(1665,2006,25675,53),(1666,2007,25695,53),(1667,2008,25740,53),(1668,2009,25640,53),(1669,2010,25301,53),(1670,2011,24909,53),(1671,2012,24967,53),(1672,2013,24673,53),(1673,2014,24446,53),(1674,2015,24322,53),(1675,2016,23903,53),(1676,2017,23533,53),(1677,2018,23272,53),(1678,2019,23232,53),(1679,2020,23273,53),(1680,1989,14989,54),(1681,1990,14665,54),(1682,1991,14779,54),(1683,1992,14596,54),(1684,1993,13759,54),(1685,1994,13268,54),(1686,1995,13025,54),(1687,1996,12852,54),(1688,1997,12794,54),(1689,1998,12739,54),(1690,1999,12573,54),(1691,2000,12924,54),(1692,2001,12896,54),(1693,2002,12769,54),(1694,2003,12753,54),(1695,2004,12693,54),(1696,2005,12578,54),(1697,2006,12541,54),(1698,2007,12513,54),(1699,2008,12554,54),(1700,2009,12450,54),(1701,2010,12279,54),(1702,2011,12040,54),(1703,2012,11773,54),(1704,2013,11591,54),(1705,2014,11543,54),(1706,2015,11490,54),(1707,2016,11414,54),(1708,2017,11132,54),(1709,2018,10934,54),(1710,2019,10840,54),(1711,2020,10668,54),(1712,1989,1299,55),(1713,1990,1317,55),(1714,1991,1319,55),(1715,1992,1288,55),(1716,1993,1278,55),(1717,1994,1282,55),(1718,1995,1280,55),(1719,1996,1276,55),(1720,1997,1288,55),(1721,1998,1266,55),(1722,1999,1244,55),(1723,2000,1206,55),(1724,2001,1193,55),(1725,2002,1183,55),(1726,2003,1178,55),(1727,2004,1160,55),(1728,2005,1135,55),(1729,2006,1124,55),(1730,2007,1103,55),(1731,2008,1091,55),(1732,2009,1081,55),(1733,2010,1068,55),(1734,2011,1031,55),(1735,2012,1022,55),(1736,2013,1006,55),(1737,2014,968,55),(1738,2015,936,55),(1739,2016,935,55),(1740,2017,908,55),(1741,2018,894,55),(1742,2019,869,55),(1743,2020,881,55),(1744,1989,4415,56),(1745,1990,4385,56),(1746,1991,4496,56),(1747,1992,4480,56),(1748,1993,4398,56),(1749,1994,4345,56),(1750,1995,4257,56),(1751,1996,4187,56),(1752,1997,4155,56),(1753,1998,4025,56),(1754,1999,3918,56),(1755,2000,4071,56),(1756,2001,3998,56),(1757,2002,3877,56),(1758,2003,3835,56),(1759,2004,3791,56),(1760,2005,3760,56),(1761,2006,3716,56),(1762,2007,3675,56),(1763,2008,3658,56),(1764,2009,3602,56),(1765,2010,3541,56),(1766,2011,3438,56),(1767,2012,3356,56),(1768,2013,3293,56),(1769,2014,3274,56),(1770,2015,3219,56),(1771,2016,3216,56),(1772,2017,3151,56),(1773,2018,3086,56),(1774,2019,3041,56),(1775,2020,2974,56),(1776,1989,9421,57),(1777,1990,9753,57),(1778,1991,9861,57),(1779,1992,10042,57),(1780,1993,9956,57),(1781,1994,9792,57),(1782,1995,9738,57),(1783,1996,9605,57),(1784,1997,9387,57),(1785,1998,9231,57),(1786,1999,9120,57),(1787,2000,8902,57),(1788,2001,8770,57),(1789,2002,8623,57),(1790,2003,8503,57),(1791,2004,8354,57),(1792,2005,8208,57),(1793,2006,8054,57),(1794,2007,7927,57),(1795,2008,7809,57),(1796,2009,7669,57),(1797,2010,7457,57),(1798,2011,7285,57),(1799,2012,7112,57),(1800,2013,6971,57),(1801,2014,6842,57),(1802,2015,6729,57),(1803,2016,6634,57),(1804,2017,6522,57),(1805,2018,6423,57),(1806,2019,6340,57),(1807,2020,6248,57),(1808,1989,3834,58),(1809,1990,3895,58),(1810,1991,3840,58),(1811,1992,3749,58),(1812,1993,3229,58),(1813,1994,3141,58),(1814,1995,3107,58),(1815,1996,3065,58),(1816,1997,3019,58),(1817,1998,2942,58),(1818,1999,2851,58),(1819,2000,2648,58),(1820,2001,2610,58),(1821,2002,2549,58),(1822,2003,2504,58),(1823,2004,2462,58),(1824,2005,2424,58),(1825,2006,2388,58),(1826,2007,2353,58),(1827,2008,2331,58),(1828,2009,2304,58),(1829,2010,2229,58),(1830,2011,2152,58),(1831,2012,2128,58),(1832,2013,2086,58),(1833,2014,2059,58),(1834,2015,2034,58),(1835,2016,1984,58),(1836,2017,1985,58),(1837,2018,1934,58),(1838,2019,1907,58),(1839,2020,1872,58),(1840,1989,3982,59),(1841,1990,3988,59),(1842,1991,3965,59),(1843,1992,3965,59),(1844,1993,3978,59),(1845,1994,3968,59),(1846,1995,3966,59),(1847,1996,3887,59),(1848,1997,3879,59),(1849,1998,3842,59),(1850,1999,3795,59),(1851,2000,3760,59),(1852,2001,3712,59),(1853,2002,3658,59),(1854,2003,3624,59),(1855,2004,3576,59),(1856,2005,3529,59),(1857,2006,3478,59),(1858,2007,3421,59),(1859,2008,3370,59),(1860,2009,3319,59),(1861,2010,3253,59),(1862,2011,3162,59),(1863,2012,3131,59),(1864,2013,3080,59),(1865,2014,3008,59),(1866,2015,2960,59),(1867,2016,2916,59),(1868,2017,2887,59),(1869,2018,2796,59),(1870,2019,2770,59),(1871,2020,2719,59),(1872,1989,1257,60),(1873,1990,1240,60),(1874,1991,1266,60),(1875,1992,1274,60),(1876,1993,1311,60),(1877,1994,1319,60),(1878,1995,1334,60),(1879,1996,1321,60),(1880,1997,1304,60),(1881,1998,1275,60),(1882,1999,1268,60),(1883,2000,1112,60),(1884,2001,1093,60),(1885,2002,1073,60),(1886,2003,1053,60),(1887,2004,1038,60),(1888,2005,1019,60),(1889,2006,999,60),(1890,2007,973,60),(1891,2008,955,60),(1892,2009,934,60),(1893,2010,904,60),(1894,2011,866,60),(1895,2012,836,60),(1896,2013,803,60),(1897,2014,779,60),(1898,2015,770,60),(1899,2016,750,60),(1900,2017,711,60),(1901,2018,689,60),(1902,2019,663,60),(1903,2020,655,60),(1904,1989,3481,61),(1905,1990,3428,61),(1906,1991,3520,61),(1907,1992,3562,61),(1908,1993,3558,61),(1909,1994,3572,61),(1910,1995,3573,61),(1911,1996,3567,61),(1912,1997,3561,61),(1913,1998,3558,61),(1914,1999,3590,61),(1915,2000,3744,61),(1916,2001,3685,61),(1917,2002,3623,61),(1918,2003,3551,61),(1919,2004,3502,61),(1920,2005,3437,61),(1921,2006,3372,61),(1922,2007,3289,61),(1923,2008,3231,61),(1924,2009,3158,61),(1925,2010,3060,61),(1926,2011,2943,61),(1927,2012,2914,61),(1928,2013,2897,61),(1929,2014,2864,61),(1930,2015,2841,61),(1931,2016,2811,61),(1932,2017,2729,61),(1933,2018,2654,61),(1934,2019,2606,61),(1935,2020,2600,61),(1936,1994,18543,62),(1937,1995,18485,62),(1938,1996,18301,62),(1939,1997,18210,62),(1940,1998,18196,62),(1941,1999,18018,62),(1942,2000,18153,62),(1943,2001,18007,62),(1944,2002,17748,62),(1945,2003,17748,62),(1946,2004,17652,62),(1947,2005,17564,62),(1948,2006,17524,62),(1949,2007,17566,62),(1950,2008,17620,62),(1951,2009,17576,62),(1952,2010,17394,62),(1953,2011,17110,62),(1954,2012,16898,62),(1955,2013,16843,62),(1956,2014,16751,62),(1957,2015,16734,62),(1958,2016,16643,62),(1959,2017,16616,62),(1960,2018,18071,62),(1961,2019,18011,62),(1962,2020,17977,62),(1963,1989,12330,63),(1964,1990,12113,63),(1965,1991,12469,63),(1966,1992,12452,63),(1967,1993,12452,63),(1968,1994,12472,63),(1969,1995,12540,63),(1970,1996,12597,63),(1971,1997,12576,63),(1972,1998,12658,63),(1973,1999,12660,63),(1974,2000,12557,63),(1975,2001,12483,63),(1976,2002,12413,63),(1977,2003,12365,63),(1978,2004,12289,63),(1979,2005,12234,63),(1980,2006,12138,63),(1981,2007,12016,63),(1982,2008,11987,63),(1983,2009,11919,63),(1984,2010,11735,63),(1985,2011,11413,63),(1986,2012,11217,63),(1987,2013,11022,63),(1988,2014,10895,63),(1989,2015,10771,63),(1990,2016,10627,63),(1991,2017,10311,63),(1992,2018,10053,63),(1993,2019,9937,63),(1994,2020,9775,63),(1995,1989,3418,64),(1996,1990,3364,64),(1997,1991,3337,64),(1998,1992,3331,64),(1999,1993,3375,64),(2000,1994,3370,64),(2001,1995,3389,64),(2002,1996,3451,64),(2003,1997,3529,64),(2004,1998,3554,64),(2005,1999,3576,64),(2006,2000,3297,64),(2007,2001,3287,64),(2008,2002,3268,64),(2009,2003,3229,64),(2010,2004,3181,64),(2011,2005,3143,64),(2012,2006,3129,64),(2013,2007,3133,64),(2014,2008,3119,64),(2015,2009,3132,64),(2016,2010,3130,64),(2017,2011,3103,64),(2018,2012,3085,64),(2019,2013,3051,64),(2020,2014,2993,64),(2021,2015,2978,64),(2022,2016,2922,64),(2023,2017,2813,64),(2024,2018,2859,64),(2025,2019,3012,64),(2026,2020,3054,64),(2027,1989,11074,65),(2028,1990,10925,65),(2029,1991,11062,65),(2030,1992,11021,65),(2031,1993,10977,65),(2032,1994,10836,65),(2033,1995,10841,65),(2034,1996,10754,65),(2035,1997,10669,65),(2036,1998,10649,65),(2037,1999,10401,65),(2038,2000,10733,65),(2039,2001,10795,65),(2040,2002,10745,65),(2041,2003,10773,65),(2042,2004,10746,65),(2043,2005,10693,65),(2044,2006,10699,65),(2045,2007,10722,65),(2046,2008,10812,65),(2047,2009,10843,65),(2048,2010,10793,65),(2049,2011,10708,65),(2050,2012,10762,65),(2051,2013,10893,65),(2052,2014,10997,65),(2053,2015,11200,65),(2054,2016,11244,65),(2055,2017,11332,65),(2056,2018,11376,65),(2057,2019,11619,65),(2058,2020,11823,65),(2059,1989,5235,66),(2060,1990,5316,66),(2061,1991,5088,66),(2062,1992,5245,66),(2063,1993,3240,66),(2064,1994,3154,66),(2065,1995,3073,66),(2066,1996,3026,66),(2067,1997,2855,66),(2068,1998,2886,66),(2069,1999,2830,66),(2070,2000,2744,66),(2071,2001,2676,66),(2072,2002,2630,66),(2073,2003,2608,66),(2074,2004,2564,66),(2075,2005,2511,66),(2076,2006,2467,66),(2077,2007,2395,66),(2078,2008,2364,66),(2079,2009,2310,66),(2080,2010,2262,66),(2081,2011,2185,66),(2082,2012,2143,66),(2083,2013,2141,66),(2084,2014,2101,66),(2085,2015,2081,66),(2086,2016,2035,66),(2087,2017,1970,66),(2088,2018,1958,66),(2089,2019,1911,66),(2090,2020,1895,66),(2091,1989,6393,67),(2092,1990,6167,67),(2093,1991,6341,67),(2094,1992,6236,67),(2095,1993,6148,67),(2096,1994,6029,67),(2097,1995,5930,67),(2098,1996,5844,67),(2099,1997,5898,67),(2100,1998,5873,67),(2101,1999,5798,67),(2102,2000,6318,67),(2103,2001,6265,67),(2104,2002,6207,67),(2105,2003,6150,67),(2106,2004,6073,67),(2107,2005,6011,67),(2108,2006,5947,67),(2109,2007,5855,67),(2110,2008,5824,67),(2111,2009,5727,67),(2112,2010,5628,67),(2113,2011,5539,67),(2114,2012,5488,67),(2115,2013,5461,67),(2116,2014,5424,67),(2117,2015,5416,67),(2118,2016,5342,67),(2119,2017,5306,67),(2120,2018,5225,67),(2121,2019,5221,67),(2122,2020,5261,67),(2123,1989,2239,68),(2124,1990,2126,68),(2125,1991,2187,68),(2126,1992,2135,68),(2127,1993,2027,68),(2128,1994,1992,68),(2129,1995,1958,68),(2130,1996,1924,68),(2131,1997,1885,68),(2132,1998,1870,68),(2133,1999,1847,68),(2134,2000,1844,68),(2135,2001,1788,68),(2136,2002,1736,68),(2137,2003,1694,68),(2138,2004,1657,68),(2139,2005,1621,68),(2140,2006,1583,68),(2141,2007,1530,68),(2142,2008,1489,68),(2143,2009,1453,68),(2144,2010,1404,68),(2145,2011,1353,68),(2146,2012,1298,68),(2147,2013,1278,68),(2148,2014,1261,68),(2149,2015,1233,68),(2150,2016,1205,68),(2151,2017,1150,68),(2152,2018,1105,68),(2153,2019,1095,68),(2154,2020,1069,68),(2155,1989,2222,69),(2156,1990,2113,69),(2157,1991,2126,69),(2158,1992,2083,69),(2159,1993,2075,69),(2160,1994,2027,69),(2161,1995,2104,69),(2162,1996,2111,69),(2163,1997,2118,69),(2164,1998,2113,69),(2165,1999,2099,69),(2166,2000,1651,69),(2167,2001,1618,69),(2168,2002,1592,69),(2169,2003,1575,69),(2170,2004,1562,69),(2171,2005,1551,69),(2172,2006,1537,69),(2173,2007,1509,69),(2174,2008,1490,69),(2175,2009,1477,69),(2176,2010,1452,69),(2177,2011,1415,69),(2178,2012,1342,69),(2179,2013,1276,69),(2180,2014,1237,69),(2181,2015,1184,69),(2182,2016,1133,69),(2183,2017,1107,69),(2184,2018,1025,69),(2185,2019,1018,69),(2186,2020,982,69),(2187,1989,1790,70),(2188,1990,1761,70),(2189,1991,1797,70),(2190,1992,1798,70),(2191,1993,1767,70),(2192,1994,1765,70),(2193,1995,1756,70),(2194,1996,1749,70),(2195,1997,1755,70),(2196,1998,1744,70),(2197,1999,1721,70),(2198,2000,1534,70),(2199,2001,1510,70),(2200,2002,1487,70),(2201,2003,1470,70),(2202,2004,1446,70),(2203,2005,1418,70),(2204,2006,1392,70),(2205,2007,1359,70),(2206,2008,1334,70),(2207,2009,1304,70),(2208,2010,1260,70),(2209,2011,1218,70),(2210,2012,1212,70),(2211,2013,1194,70),(2212,2014,1464,70),(2213,2015,1467,70),(2214,2016,1389,70),(2215,2017,1350,70),(2216,2018,1333,70),(2217,2019,1318,70),(2218,2020,1312,70),(2219,1989,2134,71),(2220,1990,2103,71),(2221,1991,2126,71),(2222,1992,2121,71),(2223,1993,2109,71),(2224,1994,2107,71),(2225,1995,2086,71),(2226,1996,2084,71),(2227,1997,2094,71),(2228,1998,2094,71),(2229,1999,2040,71),(2230,2000,2071,71),(2231,2001,2047,71),(2232,2002,2027,71),(2233,2003,2013,71),(2234,2004,1989,71),(2235,2005,1959,71),(2236,2006,1930,71),(2237,2007,1892,71),(2238,2008,1866,71),(2239,2009,1837,71),(2240,2010,1789,71),(2241,2011,1734,71),(2242,2012,1725,71),(2243,2013,1712,71),(2244,2014,1702,71),(2245,2015,1671,71),(2246,2016,1653,71),(2247,2017,1639,71),(2248,2018,1643,71),(2249,2019,1634,71),(2250,2020,1585,71),(2251,1989,13031,72),(2252,1990,12801,72),(2253,1991,13112,72),(2254,1992,13162,72),(2255,1993,13114,72),(2256,1994,12991,72),(2257,1995,12953,72),(2258,1996,12972,72),(2259,1997,12986,72),(2260,1998,13102,72),(2261,1999,12993,72),(2262,2000,12404,72),(2263,2001,12256,72),(2264,2002,12133,72),(2265,2003,12045,72),(2266,2004,11892,72),(2267,2005,11689,72),(2268,2006,11521,72),(2269,2007,11290,72),(2270,2008,11115,72),(2271,2009,10946,72),(2272,2010,10652,72),(2273,2011,10297,72),(2274,2012,10146,72),(2275,2013,9980,72),(2276,2014,9791,72),(2277,2015,9712,72),(2278,2016,9516,72),(2279,2017,9264,72),(2280,2018,9269,72),(2281,2019,9126,72),(2282,2020,9026,72),(2283,1989,1581,73),(2284,1990,1573,73),(2285,1991,1591,73),(2286,1992,1590,73),(2287,1993,1610,73),(2288,1994,1602,73),(2289,1995,1564,73),(2290,1996,1483,73),(2291,1997,1395,73),(2292,1998,1342,73),(2293,1999,1288,73),(2294,2000,1531,73),(2295,2001,1511,73),(2296,2002,1493,73),(2297,2003,1479,73),(2298,2004,1459,73),(2299,2005,1433,73),(2300,2006,1411,73),(2301,2007,1381,73),(2302,2008,1360,73),(2303,2009,1335,73),(2304,2010,1296,73),(2305,2011,1249,73),(2306,2012,1238,73),(2307,2013,1331,73),(2308,2014,1296,73),(2309,2015,1287,73),(2310,2016,1252,73),(2311,2017,1222,73),(2312,2018,1199,73),(2313,2019,1169,73),(2314,2020,1168,73),(2315,1989,21439,74),(2316,1990,21189,74),(2317,1991,21782,74),(2318,1992,21776,74),(2319,1993,21057,74),(2320,1994,20213,74),(2321,1995,19755,74),(2322,1996,19533,74),(2323,1997,19371,74),(2324,1998,19309,74),(2325,1999,19065,74),(2326,2000,18891,74),(2327,2001,18851,74),(2328,2002,18831,74),(2329,2003,18811,74),(2330,2004,18815,74),(2331,2005,18835,74),(2332,2006,18869,74),(2333,2007,18904,74),(2334,2008,18974,74),(2335,2009,18911,74),(2336,2010,18752,74),(2337,2011,18444,74),(2338,2012,18078,74),(2339,2013,17787,74),(2340,2014,17606,74),(2341,2015,17563,74),(2342,2016,17369,74),(2343,2017,17075,74),(2344,2018,16937,74),(2345,2019,16999,74),(2346,2020,16896,74),(2347,1989,8230,75),(2348,1990,7911,75),(2349,1991,8155,75),(2350,1992,8053,75),(2351,1993,7774,75),(2352,1994,7621,75),(2353,1995,7436,75),(2354,1996,7314,75),(2355,1997,7081,75),(2356,1998,6907,75),(2357,1999,6665,75),(2358,2000,6803,75),(2359,2001,6696,75),(2360,2002,6550,75),(2361,2003,6509,75),(2362,2004,6414,75),(2363,2005,6281,75),(2364,2006,6129,75),(2365,2007,6024,75),(2366,2008,5936,75),(2367,2009,5785,75),(2368,2010,5606,75),(2369,2011,5492,75),(2370,2012,5293,75),(2371,2013,5221,75),(2372,2014,5067,75),(2373,2015,4966,75),(2374,2016,4852,75),(2375,2017,4718,75),(2376,2018,4592,75),(2377,2019,4573,75),(2378,2020,4527,75),(2379,1989,2798,76),(2380,1990,2767,76),(2381,1991,2711,76),(2382,1992,2661,76),(2383,1993,2626,76),(2384,1994,2591,76),(2385,1995,2587,76),(2386,1996,2566,76),(2387,1997,2539,76),(2388,1998,2496,76),(2389,1999,2467,76),(2390,2000,2421,76),(2391,2001,2355,76),(2392,2002,2299,76),(2393,2003,2269,76),(2394,2004,2224,76),(2395,2005,2197,76),(2396,2006,2153,76),(2397,2007,2118,76),(2398,2008,2090,76),(2399,2009,2050,76),(2400,2010,2021,76),(2401,2011,1982,76),(2402,2012,1969,76),(2403,2013,1965,76),(2404,2014,1918,76),(2405,2015,1887,76),(2406,2016,1853,76),(2407,2017,1853,76),(2408,2018,1815,76),(2409,2019,1764,76),(2410,2020,1740,76),(2411,1989,1193,77),(2412,1990,1290,77),(2413,1991,1238,77),(2414,1992,1238,77),(2415,1993,1266,77),(2416,1994,1291,77),(2417,1995,1278,77),(2418,1996,1271,77),(2419,1997,1270,77),(2420,1998,1279,77),(2421,1999,1180,77),(2422,2000,1130,77),(2423,2001,1111,77),(2424,2002,1081,77),(2425,2003,1066,77),(2426,2004,1056,77),(2427,2005,1056,77),(2428,2006,1055,77),(2429,2007,1053,77),(2430,2008,1071,77),(2431,2009,1076,77),(2432,2010,1084,77),(2433,2011,1075,77),(2434,2012,1068,77),(2435,2013,1064,77),(2436,2014,1022,77),(2437,2015,995,77),(2438,2016,979,77),(2439,2017,939,77),(2440,2018,903,77),(2441,2019,902,77),(2442,2020,909,77),(2443,1989,2602,78),(2444,1990,2533,78),(2445,1991,2541,78),(2446,1992,2564,78),(2447,1993,2539,78),(2448,1994,2481,78),(2449,1995,2451,78),(2450,1996,2434,78),(2451,1997,2517,78),(2452,1998,2513,78),(2453,1999,2483,78),(2454,2000,2249,78),(2455,2001,2216,78),(2456,2002,2145,78),(2457,2003,2099,78),(2458,2004,2046,78),(2459,2005,2021,78),(2460,2006,1983,78),(2461,2007,1920,78),(2462,2008,1902,78),(2463,2009,1869,78),(2464,2010,1829,78),(2465,2011,1788,78),(2466,2012,1728,78),(2467,2013,1723,78),(2468,2014,1691,78),(2469,2015,1663,78),(2470,2016,1633,78),(2471,2017,1580,78),(2472,2018,1544,78),(2473,2019,1522,78),(2474,2020,1500,78),(2475,1989,2152,79),(2476,1990,2163,79),(2477,1991,2123,79),(2478,1992,2076,79),(2479,1993,2070,79),(2480,1994,2052,79),(2481,1995,2059,79),(2482,1996,2047,79),(2483,1997,2032,79),(2484,1998,2016,79),(2485,1999,1952,79),(2486,2000,1848,79),(2487,2001,1810,79),(2488,2002,1787,79),(2489,2003,1756,79),(2490,2004,1713,79),(2491,2005,1675,79),(2492,2006,1643,79),(2493,2007,1614,79),(2494,2008,1586,79),(2495,2009,1557,79),(2496,2010,1521,79),(2497,2011,1489,79),(2498,2012,1464,79),(2499,2013,1415,79),(2500,2014,1395,79),(2501,2015,1370,79),(2502,2016,1326,79),(2503,2017,1309,79),(2504,2018,1301,79),(2505,2019,1269,79),(2506,2020,1223,79),(2507,1989,4680,80),(2508,1990,4858,80),(2509,1991,4896,80),(2510,1992,4915,80),(2511,1993,4811,80),(2512,1994,4803,80),(2513,1995,4781,80),(2514,1996,4756,80),(2515,1997,4698,80),(2516,1998,4636,80),(2517,1999,4310,80),(2518,2000,4058,80),(2519,2001,3978,80),(2520,2002,3882,80),(2521,2003,3832,80),(2522,2004,3762,80),(2523,2005,3697,80),(2524,2006,3625,80),(2525,2007,3551,80),(2526,2008,3467,80),(2527,2009,3396,80),(2528,2010,3299,80),(2529,2011,3213,80),(2530,2012,3149,80),(2531,2013,3111,80),(2532,2014,3039,80),(2533,2015,3004,80),(2534,2016,2963,80),(2535,2017,2938,80),(2536,2018,2891,80),(2537,2019,2850,80),(2538,2020,2813,80),(2539,1989,2441,81),(2540,1990,2314,81),(2541,1991,2235,81),(2542,1992,2215,81),(2543,1993,2178,81),(2544,1994,2159,81),(2545,1995,2137,81),(2546,1996,2106,81),(2547,1997,2085,81),(2548,1998,2070,81),(2549,1999,2060,81),(2550,2000,1951,81),(2551,2001,1919,81),(2552,2002,1869,81),(2553,2003,1841,81),(2554,2004,1817,81),(2555,2005,1797,81),(2556,2006,1770,81),(2557,2007,1762,81),(2558,2008,1765,81),(2559,2009,1746,81),(2560,2010,1710,81),(2561,2011,1663,81),(2562,2012,1633,81),(2563,2013,1610,81),(2564,2014,1590,81),(2565,2015,1555,81),(2566,2016,1533,81),(2567,2017,1469,81),(2568,2018,1437,81),(2569,2019,1382,81),(2570,2020,1343,81);
/*!40000 ALTER TABLE `popul` ENABLE KEYS */;
UNLOCK TABLES;

--
-- Table structure for table `region`
--

DROP TABLE IF EXISTS `region`;
/*!40101 SET @saved_cs_client     = @@character_set_client */;
/*!50503 SET character_set_client = utf8mb4 */;
CREATE TABLE `region` (
  `region_id` int NOT NULL AUTO_INCREMENT,
  `region_name` varchar(45) CHARACTER SET utf8 COLLATE utf8_general_ci NOT NULL,
  PRIMARY KEY (`region_id`)
) ENGINE=InnoDB AUTO_INCREMENT=7 DEFAULT CHARSET=utf8mb4 COLLATE=utf8mb4_0900_ai_ci;
/*!40101 SET character_set_client = @saved_cs_client */;

--
-- Dumping data for table `region`
--

LOCK TABLES `region` WRITE;
/*!40000 ALTER TABLE `region` DISABLE KEYS */;
INSERT INTO `region` VALUES (1,'Rīgas reģions'),(2,'Pierīgas reģions'),(3,'Vidzemes reģions'),(4,'Kurzemes reģions'),(5,'Zemgales reģions'),(6,'Latgales reģions');
/*!40000 ALTER TABLE `region` ENABLE KEYS */;
UNLOCK TABLES;

--
-- Temporary view structure for view `v_city_full_data`
--

DROP TABLE IF EXISTS `v_city_full_data`;
/*!50001 DROP VIEW IF EXISTS `v_city_full_data`*/;
SET @saved_cs_client     = @@character_set_client;
/*!50503 SET character_set_client = utf8mb4 */;
/*!50001 CREATE VIEW `v_city_full_data` AS SELECT 
 1 AS `city_id`,
 1 AS `city_name`,
 1 AS `city_founded`,
 1 AS `region_id`,
 1 AS `region_name`,
 1 AS `county_id`,
 1 AS `county_name`*/;
SET character_set_client = @saved_cs_client;

--
-- Final view structure for view `v_city_full_data`
--

/*!50001 DROP VIEW IF EXISTS `v_city_full_data`*/;
/*!50001 SET @saved_cs_client          = @@character_set_client */;
/*!50001 SET @saved_cs_results         = @@character_set_results */;
/*!50001 SET @saved_col_connection     = @@collation_connection */;
/*!50001 SET character_set_client      = utf8mb4 */;
/*!50001 SET character_set_results     = utf8mb4 */;
/*!50001 SET collation_connection      = utf8mb4_0900_ai_ci */;
/*!50001 CREATE ALGORITHM=UNDEFINED */
/*!50013 DEFINER=`root`@`localhost` SQL SECURITY DEFINER */
/*!50001 VIEW `v_city_full_data` AS select `c`.`city_id` AS `city_id`,`c`.`city_name` AS `city_name`,`c`.`city_founded` AS `city_founded`,`r`.`region_id` AS `region_id`,`r`.`region_name` AS `region_name`,NULL AS `county_id`,NULL AS `county_name` from (`city` `c` join `region` `r` on((`c`.`city_region_id` = `r`.`region_id`))) union select `c`.`city_id` AS `city_id`,`c`.`city_name` AS `city_name`,`c`.`city_founded` AS `city_founded`,`r`.`region_id` AS `region_id`,`r`.`region_name` AS `region_name`,`c`.`city_county_id` AS `county_id`,`ct`.`county_name` AS `county_name` from ((`city` `c` join `county` `ct` on((`c`.`city_county_id` = `ct`.`county_id`))) join `region` `r` on((`ct`.`county_region_id` = `r`.`region_id`))) order by `city_name` */;
/*!50001 SET character_set_client      = @saved_cs_client */;
/*!50001 SET character_set_results     = @saved_cs_results */;
/*!50001 SET collation_connection      = @saved_col_connection */;
/*!40103 SET TIME_ZONE=@OLD_TIME_ZONE */;

/*!40101 SET SQL_MODE=@OLD_SQL_MODE */;
/*!40014 SET FOREIGN_KEY_CHECKS=@OLD_FOREIGN_KEY_CHECKS */;
/*!40014 SET UNIQUE_CHECKS=@OLD_UNIQUE_CHECKS */;
/*!40101 SET CHARACTER_SET_CLIENT=@OLD_CHARACTER_SET_CLIENT */;
/*!40101 SET CHARACTER_SET_RESULTS=@OLD_CHARACTER_SET_RESULTS */;
/*!40101 SET COLLATION_CONNECTION=@OLD_COLLATION_CONNECTION */;
/*!40111 SET SQL_NOTES=@OLD_SQL_NOTES */;

-- Dump completed on 2021-03-18 18:54:37
